[
  {
    "Constant" : [

    ],
    "submodules" : [

    ],
    "Function" : [

    ],
    "Variable" : [

    ],
    "stripped_doc" : [

    ],
    "Deprecated" : [

    ],
    "type" : "Module",
    "desc" : "Brief METAR information in menubar.",
    "Constructor" : [

    ],
    "items" : [
      {
        "desc" : "Starts MetarMenu",
        "stripped_doc" : [
          "Starts MetarMenu",
          ""
        ],
        "name" : "start",
        "doc" : "Starts MetarMenu\n\nParameters:\n * config - Configuration for fetching METAR\n    * stationId - Station identifier\n    * stationIds - List of station identifiers reporting the first successful\n\nReturns:\n * The MetarMenu object\n\nNotes:\n * Will show METAR in the menu, and poll for updates. Requires a valid METAR",
        "notes" : [
          " * Will show METAR in the menu, and poll for updates. Requires a valid METAR"
        ],
        "signature" : "MetarMenu:start(stationId) -> MetarMenu",
        "type" : "Method",
        "returns" : [
          " * The MetarMenu object",
          ""
        ],
        "def" : "MetarMenu:start(stationId) -> MetarMenu",
        "parameters" : [
          " * config - Configuration for fetching METAR",
          "    * stationId - Station identifier",
          "    * stationIds - List of station identifiers reporting the first successful",
          ""
        ]
      },
      {
        "desc" : "Stops MetarMenu",
        "stripped_doc" : [
          "Stops MetarMenu",
          ""
        ],
        "name" : "stop",
        "doc" : "Stops MetarMenu\n\nParameters:\n * None\n\nReturns:\n * The MetarMenu object\n\nNotes:\n * This will remove menu item and stop polling for updates",
        "notes" : [
          " * This will remove menu item and stop polling for updates"
        ],
        "signature" : "MetarMenu:stop() -> MetarMenu",
        "type" : "Method",
        "returns" : [
          " * The MetarMenu object",
          ""
        ],
        "def" : "MetarMenu:stop() -> MetarMenu",
        "parameters" : [
          " * None",
          ""
        ]
      }
    ],
    "Field" : [

    ],
    "Command" : [

    ],
    "Method" : [
      {
        "desc" : "Starts MetarMenu",
        "stripped_doc" : [
          "Starts MetarMenu",
          ""
        ],
        "name" : "start",
        "doc" : "Starts MetarMenu\n\nParameters:\n * config - Configuration for fetching METAR\n    * stationId - Station identifier\n    * stationIds - List of station identifiers reporting the first successful\n\nReturns:\n * The MetarMenu object\n\nNotes:\n * Will show METAR in the menu, and poll for updates. Requires a valid METAR",
        "notes" : [
          " * Will show METAR in the menu, and poll for updates. Requires a valid METAR"
        ],
        "signature" : "MetarMenu:start(stationId) -> MetarMenu",
        "type" : "Method",
        "returns" : [
          " * The MetarMenu object",
          ""
        ],
        "def" : "MetarMenu:start(stationId) -> MetarMenu",
        "parameters" : [
          " * config - Configuration for fetching METAR",
          "    * stationId - Station identifier",
          "    * stationIds - List of station identifiers reporting the first successful",
          ""
        ]
      },
      {
        "desc" : "Stops MetarMenu",
        "stripped_doc" : [
          "Stops MetarMenu",
          ""
        ],
        "name" : "stop",
        "doc" : "Stops MetarMenu\n\nParameters:\n * None\n\nReturns:\n * The MetarMenu object\n\nNotes:\n * This will remove menu item and stop polling for updates",
        "notes" : [
          " * This will remove menu item and stop polling for updates"
        ],
        "signature" : "MetarMenu:stop() -> MetarMenu",
        "type" : "Method",
        "returns" : [
          " * The MetarMenu object",
          ""
        ],
        "def" : "MetarMenu:stop() -> MetarMenu",
        "parameters" : [
          " * None",
          ""
        ]
      }
    ],
    "doc" : "Brief METAR information in menubar.\n\n```\n  hs.loadSpoon('MetarMenu'):start({stationIds = {'KARB', 'KYIP', 'KDTW'}})\n```\n\nDownload: [https:\/\/github.com\/flav\/MetarMenu\/raw\/main\/Spoon\/MetarMenu.spoon.zip](https:\/\/github.com\/flav\/MetarMenu\/raw\/main\/Spoon\/MetarMenu.spoon.zip)",
    "name" : "MetarMenu"
  }
]
